JGP,OK1,OK2,OK3,OK4,SG1,SG2,SG3,SG4,SGD,SJA,SJD,SJN,MASTER,ADHOC_OLD
RJAW,CYVR,RCKH,VDPP,NZAA,RCKH,CYVR,EDDF,VDPP,CYXY,,RJAA,RJAA,CYVR,WIII
RPLC,CYXY,RCSS,VDSR,OPIS,RCSS,CYYZ,EGLL,VDSR,PAFA,,RJAW,RJAF,CYXY,ZUDC
RPLL,CYYZ,RCTP,VDSV,OPKC,RCTP,EDDF,FAOR,VDSV,PANC,,RJBB,RJAH,CYYZ,ZUHY
RPLP,EDDF,RKJJ,VECC,PGSN,RKJJ,EFHK,HKJK,VECC,PASY,,RJBE,RJAW,EDDF,ZUJZ
RPMC,EGLL,RKJK,VGHS,PGUM,RKJK,EGLL,KJFK,VHHH,PWAK,,RJCB,RJBB,EFHK,ZUZH
RPMD,EHAM,RKJY,VHHH,PWAK,RKJY,EHAM,KLAX,VIDP,RPLL,,RJCC,RJBE,EGLL,ZUZY
RPME,EKCH,RKNY,VIDP,RPLC,RKNY,EKCH,KORD,VLVT,RPVK,,RJCH,RJCB,EHAM,RJNT
RPMG,EPWA,RKPC,VLVT,RPLL,RKPC,EPWA,KSEA,VMMC,UAAA,,RJCK,RJCC,EKCH,ZYDD
RPMO,ESSA,RKPK,VMMC,RPLP,RKPK,ESSA,KSFO,VTBS,UEEE,,RJCM,RJCH,EPWA,ZYJS
RPMP,HECA,RKPU,VTBS,RPMC,RKPU,FAOR,OPIS,VTSM,UHHH,,RJDB,RJCK,ESSA,ZYYJ
RPMY,HKJK,RKSI,VTSM,RPMD,RKSI,HECA,OPKC,VTSP,UHMA,,RJFF,RJCM,FAOR,LIRF
RPNS,KJFK,RKSS,VTSP,RPME,RKSS,HKJK,RCKH,VYMD,UHMM,,RJFK,RJDB,HECA,
RPSP,KLAX,RKTH,VYMD,RPMG,RKTH,KJFK,RCTP,VYYY,UHPP,,RJFM,RJFF,HKJK,
RPUN,KORD,RKTN,VYYY,RPMO,RKTN,KLAX,VCBI,ZGCJ,UHSS,,RJFO,RJFK,KJFK,
RPUT,KSEA,RKTU,ZGCJ,RPMP,RKTU,KORD,VDPP,ZGDY,UIBB,,RJFS,RJFM,KLAX,
RPVA,KSFO,ZBAA,ZGDY,RPMY,ZBAA,KSEA,VDSR,ZGGG,UIII,,RJFT,RJFO,KORD,
RPVD,LEMD,ZBAD,ZGGG,RPNS,ZBAD,KSFO,VDSV,ZGHA,ULLI,,RJFU,RJFS,KSEA,
RPVE,LFPG,ZBDS,ZGHA,RPSP,ZBDS,LEMD,VECC,ZGHZ,UNAA,,RJGG,RJFT,KSFO,
RPVI,LGAV,ZBDT,ZGHZ,RPUN,ZBDT,LFPG,VHHH,ZGKL,UNNT,,RJKA,RJFU,LEMD,
RPVJ,LIMC,ZBHH,ZGKL,RPUT,ZBHH,LGAV,VIDP,ZGNN,UOOO,,RJNA,RJGG,LFPG,
RPVK,LKPR,ZBLA,ZGNN,RPVA,ZBLA,LIMC,VMMC,ZGOW,USCC,,RJNS,RJKA,LGAV,
RPVM,LOWW,ZBLF,ZGOW,RPVD,ZBLF,LKPR,VNKT,ZGSD,UUDD,,RJOC,RJNA,LIMC,
RPVP,LSZH,ZBOW,ZGSD,RPVE,ZBOW,LOWW,VRMM,ZGSZ,UWLW,,RJOM,RJNK,LIRF,
RPVR,OMDB,ZBSJ,ZGSZ,RPVI,ZBSJ,LSZH,VTBS,ZGZJ,WADD,,RJOO,RJNS,LKPR,
RPVV,PAFA,ZBTJ,ZGZJ,RPVK,ZBTJ,NZAA,VTCT,ZJHK,WBKK,,RJOT,RJNT,LOWW,
,PANC,ZBUL,ZJHK,RPVM,ZBUL,OMDB,VTSG,ZJSY,WMKK,,RJSA,RJOA,LSZH,
,PASY,ZBXH,ZJSY,RPVP,ZBXH,PGSN,VTSP,ZPDL,WSSS,,RJSC,RJOB,NZAA,
,UEEE,ZBXZ,ZPDL,RPVR,ZBXZ,PGUM,VVCR,ZPDQ,ZUBJ,,RJSI,RJOC,OMDB,
,UHHH,ZBYC,ZPDQ,RPVV,ZBYC,UHWW,VVDN,ZPJH,ZUBZ,,RJSM,RJOH,OPIS,
,UHMA,ZBYN,ZPJH,UAAA,ZBYN,UMMS,VVNB,ZPLJ,ZUCK,,RJSN,RJOM,OPKC,
,UHPP,ZHCC,ZPLJ,UHMM,ZJSY,UUEE,VVTS,ZPMS,ZUDX,,RJSS,RJOO,PAFA,
,UHSS,ZHES,ZPMS,UIBB,ZSFZ,VLVT,VYMD,ZPPP,ZUGU,,RJTT,RJOT,PANC,
,UHWW,ZHHH,ZPPP,UIII,ZSNJ,VTCC,VYYY,ZUAL,ZUGY,,ROAH,RJSA,PASY,
,UMMS,ZHLY,ZUAL,ULLI,ZSPD,VTSM,WSSS,ZUBJ,ZULB,,ROIG,RJSC,PGSN,
,UUEE,ZHSY,ZUBJ,UNAA,ZSSS,VVCR,ZGCJ,ZUBZ,ZULS,,,RJSI,PGUM,
,VCBI,ZHYC,ZUBZ,UNNT,ZYCC,VVDN,ZGDY,ZUCK,ZULZ,,,RJSM,PWAK,
,VNKT,ZLDL,ZUCK,UOOO,ZYDQ,VVTS,ZGGG,ZUDX,ZUMT,,,RJSN,RCKH,
,VRMM,ZLGM,ZUDX,USCC,ZYHB,YMML,ZGHA,ZUGU,ZUMY,,,RJSS,RCSS,
,ZLIC,ZLGY,ZUGU,UUDD,ZYJM,YSSY,ZGHZ,ZUGY,ZUNZ,,,RJTT,RCTP,
,ZLLL,ZLTS,ZUGY,UWLW,ZYMD,,ZGKL,ZULB,ZUPS,,,ROAH,RJAA,
,ZLXN,ZLYL,ZULB,VVDN,ZYTL,,ZGNN,ZULS,ZUTR,,,ROIG,RJAF,
,ZLXY,ZLYS,ZULS,VVNB,ZYTN,,ZGOW,ZULZ,ZUUU,,,,RJAH,
,ZLZW,ZSAM,ZULZ,VVTS,ZYTX,,ZGSD,ZUMT,ZUWX,,,,RJAK,
,ZWAK,ZSCG,ZUMT,WADD,,,ZGSZ,ZUMY,ZUYB,,,,RJAM,
,ZWHM,ZSCN,ZUMY,WAHI,,,ZGZJ,ZUNZ,ZUYI,,,,RJAN,
,ZWKL,ZSFZ,ZUNZ,WARR,,,ZJHK,ZUPS,ZWAK,,,,RJAW,
,ZWKM,ZSGS,ZUPS,WIOO,,,ZPDL,ZUTR,ZWHM,,,,RJAZ,
,ZWSH,ZSHC,ZUTR,WMKK,,,ZPDQ,ZUUU,ZWKL,,,,RJBB,
,ZWTN,ZSJD,ZUUU,WSSS,,,ZPJH,ZUWX,ZWKM,,,,RJBD,
,ZWTS,ZSJN,ZUWX,YMML,,,ZPLJ,ZUYB,ZWSH,,,,RJBE,
,ZWYN,ZSLG,ZUYB,YSSY,,,ZPMS,ZUYI,ZWTL,,,,RJBH,
,,ZSLQ,ZUYI,ZSQD,,,ZPPP,,ZWTN,,,,RJBK,
,,ZSNB,,ZSWH,,,,,ZWTS,,,,RJBT,
,,ZSNJ,,ZSYT,,,,,ZWWW,,,,RJCA,
,,ZSNT,,ZYCC,,,,,ZWYN,,,,RJCB,
,,ZSOF,,ZYDQ,,,,,,,,,RJCC,
,,ZSPD,,ZYHB,,,,,,,,,RJCH,
,,ZSSH,,ZYJM,,,,,,,,,RJCJ,
,,ZSSS,,ZYMD,,,,,,,,,RJCK,
,,ZSTX,,ZYTL,,,,,,,,,RJCM,
,,ZSWY,,ZYTN,,,,,,,,,RJCN,
,,ZSWZ,,ZYTX,,,,,,,,,RJCO,
,,ZSYW,,ZYYJ,,,,,,,,,RJCR,
,,ZWWW,,,,,,,,,,,RJCT,
,,,,,,,,,,,,,RJCW,
,,,,,,,,,,,,,RJDA,
,,,,,,,,,,,,,RJDB,
,,,,,,,,,,,,,RJDC,
,,,,,,,,,,,,,RJDK,
,,,,,,,,,,,,,RJDM,
,,,,,,,,,,,,,RJDO,
,,,,,,,,,,,,,RJDT,
,,,,,,,,,,,,,RJEB,
,,,,,,,,,,,,,RJEC,
,,,,,,,,,,,,,RJEO,
,,,,,,,,,,,,,RJER,
,,,,,,,,,,,,,RJFA,
,,,,,,,,,,,,,RJFC,
,,,,,,,,,,,,,RJFE,
,,,,,,,,,,,,,RJFF,
,,,,,,,,,,,,,RJFG,
,,,,,,,,,,,,,RJFK,
,,,,,,,,,,,,,RJFM,
,,,,,,,,,,,,,RJFN,
,,,,,,,,,,,,,RJFO,
,,,,,,,,,,,,,RJFR,
,,,,,,,,,,,,,RJFS,
,,,,,,,,,,,,,RJFT,
,,,,,,,,,,,,,RJFU,
,,,,,,,,,,,,,RJFY,
,,,,,,,,,,,,,RJFZ,
,,,,,,,,,,,,,RJGG,
,,,,,,,,,,,,,RJKA,
,,,,,,,,,,,,,RJKB,
,,,,,,,,,,,,,RJKI,
,,,,,,,,,,,,,RJKN,
,,,,,,,,,,,,,RJNA,
,,,,,,,,,,,,,RJNF,
,,,,,,,,,,,,,RJNG,
,,,,,,,,,,,,,RJNH,
,,,,,,,,,,,,,RJNK,
,,,,,,,,,,,,,RJNO,
,,,,,,,,,,,,,RJNS,
,,,,,,,,,,,,,RJNT,
,,,,,,,,,,,,,RJNW,
,,,,,,,,,,,,,RJNY,
,,,,,,,,,,,,,RJOA,
,,,,,,,,,,,,,RJOB,
,,,,,,,,,,,,,RJOC,
,,,,,,,,,,,,,RJOE,
,,,,,,,,,,,,,RJOF,
,,,,,,,,,,,,,RJOH,
,,,,,,,,,,,,,RJOI,
,,,,,,,,,,,,,RJOK,
,,,,,,,,,,,,,RJOM,
,,,,,,,,,,,,,RJOO,
,,,,,,,,,,,,,RJOR,
,,,,,,,,,,,,,RJOS,
,,,,,,,,,,,,,RJOT,
,,,,,,,,,,,,,RJOW,
,,,,,,,,,,,,,RJOY,
,,,,,,,,,,,,,RJOZ,
,,,,,,,,,,,,,RJSA,
,,,,,,,,,,,,,RJSC,
,,,,,,,,,,,,,RJSD,
,,,,,,,,,,,,,RJSF,
,,,,,,,,,,,,,RJSH,
,,,,,,,,,,,,,RJSI,
,,,,,,,,,,,,,RJSK,
,,,,,,,,,,,,,RJSM,
,,,,,,,,,,,,,RJSN,
,,,,,,,,,,,,,RJSO,
,,,,,,,,,,,,,RJSR,
,,,,,,,,,,,,,RJSS,
,,,,,,,,,,,,,RJST,
,,,,,,,,,,,,,RJSU,
,,,,,,,,,,,,,RJSY,
,,,,,,,,,,,,,RJTA,
,,,,,,,,,,,,,RJTC,
,,,,,,,,,,,,,RJTE,
,,,,,,,,,,,,,RJTF,
,,,,,,,,,,,,,RJTH,
,,,,,,,,,,,,,RJTJ,
,,,,,,,,,,,,,RJTK,
,,,,,,,,,,,,,RJTL,
,,,,,,,,,,,,,RJTO,
,,,,,,,,,,,,,RJTQ,
,,,,,,,,,,,,,RJTT,
,,,,,,,,,,,,,RJTU,
,,,,,,,,,,,,,RJTY,
,,,,,,,,,,,,,RKJB,
,,,,,,,,,,,,,RKJJ,
,,,,,,,,,,,,,RKJK,
,,,,,,,,,,,,,RKJM,
,,,,,,,,,,,,,RKJU,
,,,,,,,,,,,,,RKJY,
,,,,,,,,,,,,,RKND,
,,,,,,,,,,,,,RKNN,
,,,,,,,,,,,,,RKNW,
,,,,,,,,,,,,,RKNY,
,,,,,,,,,,,,,RKPC,
,,,,,,,,,,,,,RKPD,
,,,,,,,,,,,,,RKPE,
,,,,,,,,,,,,,RKPK,
,,,,,,,,,,,,,RKPS,
,,,,,,,,,,,,,RKPU,
,,,,,,,,,,,,,RKRS,
,,,,,,,,,,,,,RKSG,
,,,,,,,,,,,,,RKSI,
,,,,,,,,,,,,,RKSM,
,,,,,,,,,,,,,RKSO,
,,,,,,,,,,,,,RKSS,
,,,,,,,,,,,,,RKSW,
,,,,,,,,,,,,,RKTA,
,,,,,,,,,,,,,RKTE,
,,,,,,,,,,,,,RKTH,
,,,,,,,,,,,,,RKTI,
,,,,,,,,,,,,,RKTL,
,,,,,,,,,,,,,RKTN,
,,,,,,,,,,,,,RKTP,
,,,,,,,,,,,,,RKTU,
,,,,,,,,,,,,,RKTY,
,,,,,,,,,,,,,ROAH,
,,,,,,,,,,,,,RODN,
,,,,,,,,,,,,,ROIG,
,,,,,,,,,,,,,ROIT,
,,,,,,,,,,,,,ROKJ,
,,,,,,,,,,,,,ROKR,
,,,,,,,,,,,,,ROMD,
,,,,,,,,,,,,,ROMY,
,,,,,,,,,,,,,RORA,
,,,,,,,,,,,,,RORE,
,,,,,,,,,,,,,RORH,
,,,,,,,,,,,,,RORK,
,,,,,,,,,,,,,RORS,
,,,,,,,,,,,,,RORT,
,,,,,,,,,,,,,RORY,
,,,,,,,,,,,,,ROTM,
,,,,,,,,,,,,,ROYN,
,,,,,,,,,,,,,RPLC,
,,,,,,,,,,,,,RPLL,
,,,,,,,,,,,,,RPLP,
,,,,,,,,,,,,,RPMC,
,,,,,,,,,,,,,RPMD,
,,,,,,,,,,,,,RPME,
,,,,,,,,,,,,,RPMG,
,,,,,,,,,,,,,RPMO,
,,,,,,,,,,,,,RPMP,
,,,,,,,,,,,,,RPMY,
,,,,,,,,,,,,,RPNS,
,,,,,,,,,,,,,RPSP,
,,,,,,,,,,,,,RPUN,
,,,,,,,,,,,,,RPUT,
,,,,,,,,,,,,,RPVA,
,,,,,,,,,,,,,RPVD,
,,,,,,,,,,,,,RPVE,
,,,,,,,,,,,,,RPVI,
,,,,,,,,,,,,,RPVJ,
,,,,,,,,,,,,,RPVK,
,,,,,,,,,,,,,RPVM,
,,,,,,,,,,,,,RPVP,
,,,,,,,,,,,,,RPVR,
,,,,,,,,,,,,,RPVV,
,,,,,,,,,,,,,UAAA,
,,,,,,,,,,,,,UEEE,
,,,,,,,,,,,,,UHHH,
,,,,,,,,,,,,,UHMA,
,,,,,,,,,,,,,UHMM,
,,,,,,,,,,,,,UHPP,
,,,,,,,,,,,,,UHSS,
,,,,,,,,,,,,,UHWW,
,,,,,,,,,,,,,UIBB,
,,,,,,,,,,,,,UIII,
,,,,,,,,,,,,,ULLI,
,,,,,,,,,,,,,UMMS,
,,,,,,,,,,,,,UNAA,
,,,,,,,,,,,,,UNNT,
,,,,,,,,,,,,,UOOO,
,,,,,,,,,,,,,USCC,
,,,,,,,,,,,,,UUDD,
,,,,,,,,,,,,,UUEE,
,,,,,,,,,,,,,UWLW,
,,,,,,,,,,,,,VCBI,
,,,,,,,,,,,,,VDPP,
,,,,,,,,,,,,,VDSR,
,,,,,,,,,,,,,VDSV,
,,,,,,,,,,,,,VECC,
,,,,,,,,,,,,,VGHS,
,,,,,,,,,,,,,VHHH,
,,,,,,,,,,,,,VIDP,
,,,,,,,,,,,,,VLVT,
,,,,,,,,,,,,,VMMC,
,,,,,,,,,,,,,VNKT,
,,,,,,,,,,,,,VRMM,
,,,,,,,,,,,,,VTBS,
,,,,,,,,,,,,,VTCC,
,,,,,,,,,,,,,VTCT,
,,,,,,,,,,,,,VTSG,
,,,,,,,,,,,,,VTSM,
,,,,,,,,,,,,,VTSP,
,,,,,,,,,,,,,VVCR,
,,,,,,,,,,,,,VVDN,
,,,,,,,,,,,,,VVNB,
,,,,,,,,,,,,,VVTS,
,,,,,,,,,,,,,VYMD,
,,,,,,,,,,,,,VYYY,
,,,,,,,,,,,,,WADD,
,,,,,,,,,,,,,WAHI,
,,,,,,,,,,,,,WARR,
,,,,,,,,,,,,,WBKK,
,,,,,,,,,,,,,WIII,
,,,,,,,,,,,,,WIOO,
,,,,,,,,,,,,,WMKK,
,,,,,,,,,,,,,WSSS,
,,,,,,,,,,,,,YMML,
,,,,,,,,,,,,,YSSY,
,,,,,,,,,,,,,ZBAA,
,,,,,,,,,,,,,ZBAD,
,,,,,,,,,,,,,ZBAL,
,,,,,,,,,,,,,ZBAR,
,,,,,,,,,,,,,ZBCD,
,,,,,,,,,,,,,ZBCF,
,,,,,,,,,,,,,ZBCZ,
,,,,,,,,,,,,,ZBDH,
,,,,,,,,,,,,,ZBDS,
,,,,,,,,,,,,,ZBDT,
,,,,,,,,,,,,,ZBEN,
,,,,,,,,,,,,,ZBER,
,,,,,,,,,,,,,ZBES,
,,,,,,,,,,,,,ZBHD,
,,,,,,,,,,,,,ZBHH,
,,,,,,,,,,,,,ZBHZ,
,,,,,,,,,,,,,ZBLA,
,,,,,,,,,,,,,ZBLF,
,,,,,,,,,,,,,ZBLL,
,,,,,,,,,,,,,ZBMZ,
,,,,,,,,,,,,,ZBOW,
,,,,,,,,,,,,,ZBSJ,
,,,,,,,,,,,,,ZBTJ,
,,,,,,,,,,,,,ZBTL,
,,,,,,,,,,,,,ZBTS,
,,,,,,,,,,,,,ZBUC,
,,,,,,,,,,,,,ZBUH,
,,,,,,,,,,,,,ZBUL,
,,,,,,,,,,,,,ZBXH,
,,,,,,,,,,,,,ZBXZ,
,,,,,,,,,,,,,ZBYC,
,,,,,,,,,,,,,ZBYN,
,,,,,,,,,,,,,ZBYZ,
,,,,,,,,,,,,,ZBZJ,
,,,,,,,,,,,,,ZBZL,
,,,,,,,,,,,,,ZGBH,
,,,,,,,,,,,,,ZGBS,
,,,,,,,,,,,,,ZGCD,
,,,,,,,,,,,,,ZGCJ,
,,,,,,,,,,,,,ZGDY,
,,,,,,,,,,,,,ZGFS,
,,,,,,,,,,,,,ZGGG,
,,,,,,,,,,,,,ZGHA,
,,,,,,,,,,,,,ZGHC,
,,,,,,,,,,,,,ZGHY,
,,,,,,,,,,,,,ZGHZ,
,,,,,,,,,,,,,ZGKL,
,,,,,,,,,,,,,ZGLG,
,,,,,,,,,,,,,ZGMX,
,,,,,,,,,,,,,ZGNN,
,,,,,,,,,,,,,ZGOW,
,,,,,,,,,,,,,ZGSD,
,,,,,,,,,,,,,ZGSY,
,,,,,,,,,,,,,ZGSZ,
,,,,,,,,,,,,,ZGWZ,
,,,,,,,,,,,,,ZGYL,
,,,,,,,,,,,,,ZGYY,
,,,,,,,,,,,,,ZGZH,
,,,,,,,,,,,,,ZGZJ,
,,,,,,,,,,,,,ZHCC,
,,,,,,,,,,,,,ZHES,
,,,,,,,,,,,,,ZHHH,
,,,,,,,,,,,,,ZHJZ,
,,,,,,,,,,,,,ZHLY,
,,,,,,,,,,,,,ZHNY,
,,,,,,,,,,,,,ZHSN,
,,,,,,,,,,,,,ZHSY,
,,,,,,,,,,,,,ZHXF,
,,,,,,,,,,,,,ZHXY,
,,,,,,,,,,,,,ZHYC,
,,,,,,,,,,,,,ZJHK,
,,,,,,,,,,,,,ZJQH,
,,,,,,,,,,,,,ZJSY,
,,,,,,,,,,,,,ZJYX,
,,,,,,,,,,,,,ZLAK,
,,,,,,,,,,,,,ZLDH,
,,,,,,,,,,,,,ZLDL,
,,,,,,,,,,,,,ZLGL,
,,,,,,,,,,,,,ZLGM,
,,,,,,,,,,,,,ZLGY,
,,,,,,,,,,,,,ZLHB,
,,,,,,,,,,,,,ZLHX,
,,,,,,,,,,,,,ZLHZ,
,,,,,,,,,,,,,ZLIC,
,,,,,,,,,,,,,ZLJC,
,,,,,,,,,,,,,ZLJN,
,,,,,,,,,,,,,ZLJQ,
,,,,,,,,,,,,,ZLLL,
,,,,,,,,,,,,,ZLLN,
,,,,,,,,,,,,,ZLQY,
,,,,,,,,,,,,,ZLTS,
,,,,,,,,,,,,,ZLXH,
,,,,,,,,,,,,,ZLXN,
,,,,,,,,,,,,,ZLXY,
,,,,,,,,,,,,,ZLYA,
,,,,,,,,,,,,,ZLYL,
,,,,,,,,,,,,,ZLYS,
,,,,,,,,,,,,,ZLZW,
,,,,,,,,,,,,,ZLZY,
,,,,,,,,,,,,,ZPBS,
,,,,,,,,,,,,,ZPCW,
,,,,,,,,,,,,,ZPDL,
,,,,,,,,,,,,,ZPDQ,
,,,,,,,,,,,,,ZPJH,
,,,,,,,,,,,,,ZPJM,
,,,,,,,,,,,,,ZPLC,
,,,,,,,,,,,,,ZPLJ,
,,,,,,,,,,,,,ZPLX,
,,,,,,,,,,,,,ZPMS,
,,,,,,,,,,,,,ZPNL,
,,,,,,,,,,,,,ZPPP,
,,,,,,,,,,,,,ZPSM,
,,,,,,,,,,,,,ZPTC,
,,,,,,,,,,,,,ZPWS,
,,,,,,,,,,,,,ZPZT,
,,,,,,,,,,,,,ZSAM,
,,,,,,,,,,,,,ZSAQ,
,,,,,,,,,,,,,ZSCG,
,,,,,,,,,,,,,ZSCN,
,,,,,,,,,,,,,ZSDY,
,,,,,,,,,,,,,ZSFY,
,,,,,,,,,,,,,ZSFZ,
,,,,,,,,,,,,,ZSGS,
,,,,,,,,,,,,,ZSGZ,
,,,,,,,,,,,,,ZSHC,
,,,,,,,,,,,,,ZSJA,
,,,,,,,,,,,,,ZSJD,
,,,,,,,,,,,,,ZSJH,
,,,,,,,,,,,,,ZSJN,
,,,,,,,,,,,,,ZSJU,
,,,,,,,,,,,,,ZSLD,
,,,,,,,,,,,,,ZSLG,
,,,,,,,,,,,,,ZSLQ,
,,,,,,,,,,,,,ZSLY,
,,,,,,,,,,,,,ZSNB,
,,,,,,,,,,,,,ZSNJ,
,,,,,,,,,,,,,ZSNT,
,,,,,,,,,,,,,ZSOF,
,,,,,,,,,,,,,ZSPD,
,,,,,,,,,,,,,ZSQD,
,,,,,,,,,,,,,ZSQZ,
,,,,,,,,,,,,,ZSRZ,
,,,,,,,,,,,,,ZSSH,
,,,,,,,,,,,,,ZSSM,
,,,,,,,,,,,,,ZSSR,
,,,,,,,,,,,,,ZSSS,
,,,,,,,,,,,,,ZSTX,
,,,,,,,,,,,,,ZSWA,
,,,,,,,,,,,,,ZSWF,
,,,,,,,,,,,,,ZSWH,
,,,,,,,,,,,,,ZSWX,
,,,,,,,,,,,,,ZSWY,
,,,,,,,,,,,,,ZSWZ,
,,,,,,,,,,,,,ZSXZ,
,,,,,,,,,,,,,ZSYA,
,,,,,,,,,,,,,ZSYC,
,,,,,,,,,,,,,ZSYN,
,,,,,,,,,,,,,ZSYT,
,,,,,,,,,,,,,ZSYW,
,,,,,,,,,,,,,ZSZS,
,,,,,,,,,,,,,ZUAL,
,,,,,,,,,,,,,ZUAS,
,,,,,,,,,,,,,ZUBD,
,,,,,,,,,,,,,ZUBJ,
,,,,,,,,,,,,,ZUBZ,
,,,,,,,,,,,,,ZUCK,
,,,,,,,,,,,,,ZUDC,
,,,,,,,,,,,,,ZUDX,
,,,,,,,,,,,,,ZUGU,
,,,,,,,,,,,,,ZUGY,
,,,,,,,,,,,,,ZUGZ,
,,,,,,,,,,,,,ZUHY,
,,,,,,,,,,,,,ZUJZ,
,,,,,,,,,,,,,ZUKD,
,,,,,,,,,,,,,ZUKJ,
,,,,,,,,,,,,,ZULB,
,,,,,,,,,,,,,ZULS,
,,,,,,,,,,,,,ZULZ,
,,,,,,,,,,,,,ZUMT,
,,,,,,,,,,,,,ZUMY,
,,,,,,,,,,,,,ZUNC,
,,,,,,,,,,,,,ZUNP,
,,,,,,,,,,,,,ZUNZ,
,,,,,,,,,,,,,ZUPS,
,,,,,,,,,,,,,ZUQJ,
,,,,,,,,,,,,,ZURK,
,,,,,,,,,,,,,ZUTF,
,,,,,,,,,,,,,ZUTR,
,,,,,,,,,,,,,ZUUU,
,,,,,,,,,,,,,ZUWL,
,,,,,,,,,,,,,ZUWS,
,,,,,,,,,,,,,ZUWX,
,,,,,,,,,,,,,ZUXC,
,,,,,,,,,,,,,ZUYB,
,,,,,,,,,,,,,ZUYI,
,,,,,,,,,,,,,ZUZH,
,,,,,,,,,,,,,ZUZY,
,,,,,,,,,,,,,ZWAK,
,,,,,,,,,,,,,ZWAT,
,,,,,,,,,,,,,ZWBL,
,,,,,,,,,,,,,ZWCM,
,,,,,,,,,,,,,ZWFY,
,,,,,,,,,,,,,ZWHM,
,,,,,,,,,,,,,ZWHZ,
,,,,,,,,,,,,,ZWKC,
,,,,,,,,,,,,,ZWKL,
,,,,,,,,,,,,,ZWKM,
,,,,,,,,,,,,,ZWKN,
,,,,,,,,,,,,,ZWNL,
,,,,,,,,,,,,,ZWRQ,
,,,,,,,,,,,,,ZWSC,
,,,,,,,,,,,,,ZWSH,
,,,,,,,,,,,,,ZWTC,
,,,,,,,,,,,,,ZWTL,
,,,,,,,,,,,,,ZWTN,
,,,,,,,,,,,,,ZWTP,
,,,,,,,,,,,,,ZWTS,
,,,,,,,,,,,,,ZWWW,
,,,,,,,,,,,,,ZWYN,
,,,,,,,,,,,,,ZWYT,
,,,,,,,,,,,,,ZYAS,
,,,,,,,,,,,,,ZYBA,
,,,,,,,,,,,,,ZYBS,
,,,,,,,,,,,,,ZYCC,
,,,,,,,,,,,,,ZYCH,
,,,,,,,,,,,,,ZYCY,
,,,,,,,,,,,,,ZYDD,
,,,,,,,,,,,,,ZYDQ,
,,,,,,,,,,,,,ZYDU,
,,,,,,,,,,,,,ZYFY,
,,,,,,,,,,,,,ZYHB,
,,,,,,,,,,,,,ZYHE,
,,,,,,,,,,,,,ZYJD,
,,,,,,,,,,,,,ZYJM,
,,,,,,,,,,,,,ZYJS,
,,,,,,,,,,,,,ZYJX,
,,,,,,,,,,,,,ZYJZ,
,,,,,,,,,,,,,ZYLD,
,,,,,,,,,,,,,ZYMD,
,,,,,,,,,,,,,ZYMH,
,,,,,,,,,,,,,ZYQQ,
,,,,,,,,,,,,,ZYSQ,
,,,,,,,,,,,,,ZYTL,
,,,,,,,,,,,,,ZYTN,
,,,,,,,,,,,,,ZYTX,
,,,,,,,,,,,,,ZYYJ,
,,,,,,,,,,,,,ZYYK,